{"products": {
	"dataKFC": {
		"logo": "https://www.freepnglogos.com/uploads/kfc-png-logo/camera-kfc-png-logo-0.png",
		"items": [
			{
				"id": "1",
				"nameFood": "Grander Big Box",
				"descriptions": "Grander, 5 Hot Wings, Large fries 115g",
				"price": "41,99",
				"img": "https://sawepecomcdn.blob.core.windows.net/kfc-web-ordering/KFC/Images/ALL/grafiki_2023/BOX_grander_240.png"
			},
			{
				"id": "2",
				"nameFood": "DOUBLE ZINGER BURGER",
				"descriptions": "Zinger Premium with double serving of meat? Hell yes! Perfect choice for people with an appetite. Crunchy bun, filled to the brim with tasty stuff - mayonnaise and a hearty portion of iceberg lettuce.",
				"price": "28,99",
				"img": "https://amrestcdn.azureedge.net/kfc-web-ordering/KFC/Images/Web/new/zinger_podwojny.png"
			},
			
			{
				"id": "4",
				"nameFood": "LONGER",
				"descriptions": "If you’re up for a large, crisp bun, delicious chicken breast filets, fresh lettuce from the best suppliers and a bit of ketchup... Get a Longer! It’s just what you’re craving!",
				"price": "9,99",
				"img": "https://amrestcdn.azureedge.net/kfc-web-ordering/KFC/Images/Web/new/longer.png"
			},
			{
				"id": "4",
				"nameFood": "LONGER",
				"descriptions": "If you’re up for a large, crisp bun, delicious chicken breast filets, fresh lettuce from the best suppliers and a bit of ketchup... Get a Longer! It’s just what you’re craving!",
				"price": "9,99",
				"img": "https://amrestcdn.azureedge.net/kfc-web-ordering/KFC/Images/Web/new/longer.png"
			},
			{
				"id": "4",
				"nameFood": "LONGER",
				"descriptions": "If you’re up for a large, crisp bun, delicious chicken breast filets, fresh lettuce from the best suppliers and a bit of ketchup... Get a Longer! It’s just what you’re craving!",
				"price": "9,99",
				"img": "https://amrestcdn.azureedge.net/kfc-web-ordering/KFC/Images/Web/new/longer.png"
			},
			{
				"id": "4",
				"nameFood": "LONGER",
				"descriptions": "If you’re up for a large, crisp bun, delicious chicken breast filets, fresh lettuce from the best suppliers and a bit of ketchup... Get a Longer! It’s just what you’re craving!",
				"price": "9,99",
				"img": "https://amrestcdn.azureedge.net/kfc-web-ordering/KFC/Images/Web/new/longer.png"
			},
			{
				"id": "4",
				"nameFood": "LONGER",
				"descriptions": "If you’re up for a large, crisp bun, delicious chicken breast filets, fresh lettuce from the best suppliers and a bit of ketchup... Get a Longer! It’s just what you’re craving!",
				"price": "9,99",
				"img": "https://amrestcdn.azureedge.net/kfc-web-ordering/KFC/Images/Web/new/longer.png"
			}
		]
	},
	"dataPizzaHut": {
		"logo": "https://www.freepnglogos.com/uploads/pizza-hut-png-logo/pizza-hut-brands-png-logo-8.png",
		"items": [
			{
				"id": "1",
				"nameFood": "Chicken & Mushroom",
				"descriptions": "Chicken, mushroom, diced tomato, onion, Debonairs sauce",
				"price": "12,99",
				"img": "https://debonairspizza.co.za/images/menu/2021/oct/pizzas/chicken-pizza-image.webp"	
			},
			{
				"id": "2",
				"nameFood": "Creamy Veg",
				"descriptions": "Cream cheese base, onion, mushroom, sweet bell pepper, feta, mozzarella",
				"price": "10,99",
				"img": "https://debonairspizza.co.za/images/menu/2023/april/creamy-spinach-feta-pizza.webp"	
			},
			{
				"id": "3",
				"nameFood": "Four Seasons",
				"descriptions": "Pepperoni, mushroom, olives, green pepper, onion",
				"price": "15,99",
				"img": "https://debonairspizza.co.za/images/menu/2022/march/garlic-meaty-supreme_meat-pizza-menu-image-generic.webp"	
			}
		]
	},
	"dataMacDonalds": {
		"logo": "https://www.freepnglogos.com/uploads/mcdonalds-png-logo/mcdonalds-png-logo-picture-3.png",
		"items": [
			{
				"name": "macdoNalds"
			}
		]
	},
	"dataMacDonalds1": {
		"logo": "https://www.freepnglogos.com/uploads/mcdonalds-png-logo/mcdonalds-png-logo-picture-3.png",
		"items": [
			{
				"name": "macdoNalds"
			}
		]
	},
	"dataMacDonalds2": {
		"logo": "https://www.freepnglogos.com/uploads/mcdonalds-png-logo/mcdonalds-png-logo-picture-3.png",
		"items": [
			{
				"name": "macdoNalds"
			}
		]
	},
	"dataMacDonalds3": {
		"logo": "https://www.freepnglogos.com/uploads/mcdonalds-png-logo/mcdonalds-png-logo-picture-3.png",
		"items": [
			{
				"name": "macdoNalds"
			}
		]
	}
}}